{
    "Logistic Regression": {
        "f1": 0.8617886178861789,
        "recall": 0.9636363636363636,
        "accuracy": 0.7638888888888888,
        "precision": 0.7794117647058824
    },
    "Random Forest Classifier": {
        "f1": 0.8661417322834646,
        "recall": 1.0,
        "accuracy": 0.7638888888888888,
        "precision": 0.7638888888888888
    },
    "Gradient Boosting Classifier": {
        "f1": 0.8661417322834646,
        "recall": 1.0,
        "accuracy": 0.7638888888888888,
        "precision": 0.7638888888888888
    }
}